{
  "hash": "5dcff0d3",
  "configHash": "9d8dcccd",
  "lockfileHash": "e3b0c442",
  "browserHash": "404d3bae",
  "optimized": {
    "@angular/core": {
      "src": "../../../../../../node_modules/@angular/core/fesm2022/core.mjs",
      "file": "@angular_core.js",
      "fileHash": "81943e7a",
      "needsInterop": false
    },
    "@angular/platform-browser": {
      "src": "../../../../../../node_modules/@angular/platform-browser/fesm2022/platform-browser.mjs",
      "file": "@angular_platform-browser.js",
      "fileHash": "99c6252b",
      "needsInterop": false
    }
  },
  "chunks": {
    "chunk-75XYUTMF": {
      "file": "chunk-75XYUTMF.js"
    }
  }
}