{
  "hash": "2ccd4f33",
  "configHash": "da109d90",
  "lockfileHash": "e3b0c442",
  "browserHash": "70defd7e",
  "optimized": {
    "@angular/common": {
      "src": "../../../../../../node_modules/@angular/common/fesm2022/common.mjs",
      "file": "@angular_common.js",
      "fileHash": "eac2bb34",
      "needsInterop": false
    },
    "@angular/common/http": {
      "src": "../../../../../../node_modules/@angular/common/fesm2022/http.mjs",
      "file": "@angular_common_http.js",
      "fileHash": "1a889617",
      "needsInterop": false
    },
    "@angular/core": {
      "src": "../../../../../../node_modules/@angular/core/fesm2022/core.mjs",
      "file": "@angular_core.js",
      "fileHash": "b489a596",
      "needsInterop": false
    },
    "@angular/forms": {
      "src": "../../../../../../node_modules/@angular/forms/fesm2022/forms.mjs",
      "file": "@angular_forms.js",
      "fileHash": "69e2a692",
      "needsInterop": false
    },
    "@angular/platform-browser": {
      "src": "../../../../../../node_modules/@angular/platform-browser/fesm2022/platform-browser.mjs",
      "file": "@angular_platform-browser.js",
      "fileHash": "20186aec",
      "needsInterop": false
    },
    "@angular/router": {
      "src": "../../../../../../node_modules/@angular/router/fesm2022/router.mjs",
      "file": "@angular_router.js",
      "fileHash": "608f3f06",
      "needsInterop": false
    }
  },
  "chunks": {
    "chunk-THN7TYCM": {
      "file": "chunk-THN7TYCM.js"
    },
    "chunk-4HHD3DGS": {
      "file": "chunk-4HHD3DGS.js"
    },
    "chunk-YHKMXWNR": {
      "file": "chunk-YHKMXWNR.js"
    },
    "chunk-TM5TRRJQ": {
      "file": "chunk-TM5TRRJQ.js"
    }
  }
}